{
  "1": 0.43048937859837205,
  "2": 1.9843285289407457,
  "0": 5.7765567765567765
}